Threshold,OOF_F1
0.1,0.5605550049554013
0.11,0.5672184093661687
0.12,0.573777229757501
0.13,0.5813076278290025
0.14,0.5844845908607864
0.15,0.5900151285930408
0.16,0.5966071821987222
0.17,0.599640933572711
0.18,0.6057405281285878
0.19,0.6117207564791034
0.2,0.6143604374702806
0.21,0.6160908431988403
0.22,0.6198916789758739
0.23,0.6207414829659319
0.24,0.6230593026215322
0.25,0.6277749096541043
0.26,0.6287958115183246
0.27,0.6305732484076433
0.28,0.6316922249125639
0.29,0.6306061429736342
0.3,0.6317241379310344
0.31,0.6321388577827548
0.32,0.6338268792710706
0.33,0.6315179606025493
0.34,0.6311451280541654
0.35,0.6287425149700598
0.36,0.6280691118520764
0.37,0.6257291986490635
0.38,0.6200683442062752
0.39,0.6212551245663829
0.4,0.6176470588235294
0.41,0.6191247974068071
0.42,0.6174629324546952
0.43,0.6115757778521245
0.44,0.6068405011852354
0.45,0.6027491408934708
0.46,0.6014618865297598
0.47,0.5982363315696649
0.48,0.5934696806602081
0.49,0.5876363636363636
0.5,0.5849889624724062
0.51,0.5818997756170531
0.52,0.5805229253505115
0.53,0.5731847867844795
0.54,0.5659491193737769
0.55,0.5576770087509945
0.56,0.5498587000403714
0.57,0.54240065546907
0.58,0.5258764607679466
0.59,0.5163760102084219
0.6,0.5106014712245781
